s,C,m,mol/mol
Time,"temperature","visibility","CO"
 0.0000000E+000, 2.0000000E+001, 3.0000000E+001, 0.0000000E+000
 6.3245553E-002, 2.0000000E+001, 3.0000000E+001, 0.0000000E+000
 1.2649111E-001, 1.9999991E+001, 3.0000000E+001, 0.0000000E+000
 1.8973666E-001, 1.9999981E+001, 3.0000000E+001, 0.0000000E+000
 2.5298221E-001, 1.9999983E+001, 3.0000000E+001, 0.0000000E+000
 3.1622777E-001, 1.9999984E+001, 3.0000000E+001, 0.0000000E+000
 3.7947332E-001, 1.9999985E+001, 3.0000000E+001, 0.0000000E+000
 4.4271887E-001, 1.9999987E+001, 3.0000000E+001, 0.0000000E+000
 5.0596443E-001, 1.9999988E+001, 3.0000000E+001, 0.0000000E+000
 5.6920998E-001, 1.9999989E+001, 3.0000000E+001, 0.0000000E+000
 6.0560547E-001, 1.9999989E+001, 3.0000000E+001, 0.0000000E+000
 6.4200096E-001, 1.9999990E+001, 3.0000000E+001, 0.0000000E+000
 6.8203600E-001, 1.9999990E+001, 3.0000000E+001, 0.0000000E+000
 7.2207104E-001, 1.9999991E+001, 3.0000000E+001, 0.0000000E+000
 7.4997486E-001, 1.9999991E+001, 3.0000000E+001, 0.0000000E+000
 7.7787868E-001, 1.9999991E+001, 3.0000000E+001, 0.0000000E+000
 8.0857288E-001, 1.9999991E+001, 3.0000000E+001, 0.0000000E+000
 8.3494927E-001, 1.9999991E+001, 3.0000000E+001, 0.0000000E+000
 8.6132567E-001, 1.9999991E+001, 3.0000000E+001, 0.0000000E+000
 8.8770206E-001, 2.0000015E+001, 3.0000000E+001, 2.4303927E-079
 9.1120344E-001, 2.0000037E+001, 3.0000000E+001, 2.7083277E-076
 9.3470481E-001, 2.0000058E+001, 3.0000000E+001, 4.5839756E-074
 9.5820619E-001, 2.0000086E+001, 3.0000000E+001, 4.3645132E-072
 9.8170757E-001, 2.0000113E+001, 3.0000000E+001, 3.2072111E-070
 1.0021263E+000, 2.0000136E+001, 3.0000000E+001, 1.2985212E-068
 1.0225451E+000, 2.0000161E+001, 3.0000000E+001, 4.0591751E-067
 1.0429639E+000, 2.0000185E+001, 3.0000000E+001, 1.0654834E-065
 1.0633826E+000, 2.0000209E+001, 3.0000000E+001, 2.4934530E-064
 1.0790928E+000, 2.0000253E+001, 3.0000000E+001, 3.5796503E-063
 1.0948029E+000, 2.0000295E+001, 3.0000000E+001, 4.8096072E-062
 1.1120840E+000, 2.0000343E+001, 3.0000000E+001, 6.8347029E-061
 1.1293652E+000, 2.0000406E+001, 3.0000000E+001, 8.7662214E-060
 1.1466463E+000, 2.0000469E+001, 3.0000000E+001, 1.0190798E-058
 1.1606256E+000, 2.0000520E+001, 3.0000000E+001, 8.0502870E-058
 1.1746049E+000, 2.0001370E+001, 3.0000000E+001, 6.0135975E-057
 1.1885841E+000, 2.0002220E+001, 3.0000000E+001, 4.3004237E-056
 1.2025634E+000, 2.0003070E+001, 3.0000000E+001, 2.9527258E-055
 1.2165427E+000, 2.0003939E+001, 3.0000000E+001, 1.9598740E-054
 1.2281983E+000, 2.0004664E+001, 3.0000000E+001, 1.0041746E-053
 1.2398539E+000, 2.0005389E+001, 3.0000000E+001, 5.0132448E-053
 1.2515096E+000, 2.0006124E+001, 3.0000000E+001, 2.4429062E-052
 1.2631652E+000, 2.0006859E+001, 3.0000000E+001, 1.1592622E-051
 1.2748209E+000, 2.0007594E+001, 3.0000000E+001, 5.3521106E-051
 1.2864765E+000, 2.0008423E+001, 3.0000000E+001, 2.4111943E-050
 1.2981321E+000, 2.0009251E+001, 3.0000000E+001, 1.0614498E-049
 1.3097878E+000, 2.0010080E+001, 3.0000000E+001, 4.5703558E-049
 1.3199591E+000, 2.0010842E+001, 3.0000000E+001, 1.6633162E-048
 1.3301305E+000, 2.0011604E+001, 3.0000000E+001, 5.9401467E-048
 1.3403019E+000, 2.0012366E+001, 3.0000000E+001, 2.0844888E-047
 1.3504732E+000, 2.0013416E+001, 3.0000000E+001, 7.2231382E-047
 1.3590520E+000, 2.0014301E+001, 3.0000000E+001, 2.0996383E-046
 1.3676308E+000, 2.0015187E+001, 3.0000000E+001, 6.0284973E-046
 1.3762096E+000, 2.0016086E+001, 3.0000000E+001, 1.7130270E-045
 1.3847884E+000, 2.0016985E+001, 3.0000000E+001, 4.8534152E-045
 1.3933672E+000, 2.0017884E+001, 3.0000000E+001, 1.3703445E-044
 1.4019459E+000, 2.0018794E+001, 3.0000000E+001, 3.8528662E-044
 1.4113826E+000, 2.0019795E+001, 3.0000000E+001, 1.1782445E-043
 1.4208193E+000, 2.0020796E+001, 3.0000000E+001, 3.6042810E-043
 1.4302559E+000, 2.0021849E+001, 3.0000000E+001, 1.1072461E-042
 1.4396926E+000, 2.0022903E+001, 3.0000000E+001, 3.4212410E-042
 1.4491293E+000, 2.0023958E+001, 3.0000000E+001, 1.0641823E-041
 1.4572204E+000, 2.0024929E+001, 3.0000000E+001, 2.8997086E-041
 1.4653116E+000, 2.0025901E+001, 3.0000000E+001, 7.9333268E-041
 1.4734027E+000, 2.0026874E+001, 3.0000000E+001, 2.1776107E-040
 1.4814938E+000, 2.0027888E+001, 3.0000000E+001, 5.9953043E-040
 1.4895850E+000, 2.0028903E+001, 3.0000000E+001, 1.6556132E-039
 1.4976761E+000, 2.0029918E+001, 3.0000000E+001, 4.5627656E-039
 1.5057673E+000, 2.0030947E+001, 3.0000000E+001, 1.2553075E-038
 1.5138584E+000, 2.0031976E+001, 3.0000000E+001, 3.4317640E-038
 1.5219495E+000, 2.0033006E+001, 3.0000000E+001, 9.2897222E-038
 1.5300407E+000, 2.0034044E+001, 3.0000000E+001, 2.4910423E-037
 1.5381318E+000, 2.0035082E+001, 3.0000000E+001, 6.6439679E-037
 1.5462230E+000, 2.0036121E+001, 3.0000000E+001, 1.7655713E-036
 1.5543141E+000, 2.0037161E+001, 3.0000000E+001, 4.6984739E-036
 1.5632144E+000, 2.0038306E+001, 3.0000000E+001, 1.3774282E-035
 1.5721146E+000, 2.0039451E+001, 3.0000000E+001, 4.1215881E-035
 1.5810149E+000, 2.0040581E+001, 3.0000000E+001, 1.2715346E-034
 1.5899151E+000, 2.0041712E+001, 3.0000000E+001, 4.0574711E-034
 1.5988154E+000, 2.0042844E+001, 3.0000000E+001, 1.3301183E-033
 1.6077156E+000, 2.0043843E+001, 3.0000000E+001, 4.5065785E-033
 1.6155572E+000, 2.0044724E+001, 3.0000000E+001, 1.3753015E-032
 1.6233988E+000, 2.0045606E+001, 3.0000000E+001, 4.1963236E-032
 1.6312404E+000, 2.0046507E+001, 3.0000000E+001, 1.3030831E-031
 1.6390820E+000, 2.0047408E+001, 3.0000000E+001, 4.0381164E-031
 1.6469236E+000, 2.0048310E+001, 3.0000000E+001, 1.2511609E-030
 1.6547651E+000, 2.0049213E+001, 3.0000000E+001, 3.8615492E-030
 1.6626067E+000, 2.0050116E+001, 3.0000000E+001, 1.1608371E-029
 1.6704483E+000, 2.0051019E+001, 3.0000000E+001, 3.6310017E-029
 1.6782899E+000, 2.0051894E+001, 3.0000000E+001, 1.1667792E-028
 1.6861315E+000, 2.0052767E+001, 3.0000000E+001, 3.4756280E-028
 1.6939731E+000, 2.0053639E+001, 3.0000000E+001, 1.0514266E-027
 1.7018146E+000, 2.0054488E+001, 3.0000000E+001, 3.0647190E-027
 1.7096562E+000, 2.0055335E+001, 3.0000000E+001, 7.9415788E-027
 1.7174978E+000, 2.0056178E+001, 3.0000000E+001, 2.1797995E-026
 1.7261235E+000, 2.0057050E+001, 3.0000000E+001, 6.7973891E-026
 1.7347493E+000, 2.0057915E+001, 3.0000000E+001, 1.7261990E-025
 1.7433750E+000, 2.0058772E+001, 3.0000000E+001, 4.7076139E-025
 1.7520008E+000, 2.0059618E+001, 3.0000000E+001, 1.3872343E-024
 1.7606265E+000, 2.0060452E+001, 3.0000000E+001, 2.7936383E-024
 1.7692523E+000, 2.0061269E+001, 3.0000000E+001, 6.9003483E-024
 1.7778780E+000, 2.0062072E+001, 3.0000000E+001, 1.3349507E-023
 1.7865037E+000, 2.0062853E+001, 3.0000000E+001, 2.1566009E-023
 1.7951295E+000, 2.0063610E+001, 3.0000000E+001, 9.0927705E-023
 1.8037552E+000, 2.0064343E+001, 3.0000000E+001, 6.9467049E-022
 1.8123810E+000, 2.0065043E+001, 3.0000000E+001, 5.7437258E-021
 1.8210067E+000, 2.0065707E+001, 3.0000000E+001, 4.3936559E-020
 1.8296324E+000, 2.0066326E+001, 3.0000000E+001, 3.4995282E-019
 1.8382582E+000, 2.0066883E+001, 3.0000000E+001, 2.7667090E-018
 1.8468839E+000, 2.0067377E+001, 3.0000000E+001, 2.1189182E-017
 1.8555097E+000, 2.0067758E+001, 3.0000000E+001, 1.6443169E-016
 1.8641354E+000, 2.0068050E+001, 3.0000000E+001, 1.1879054E-015
 1.8727612E+000, 2.0068245E+001, 3.0000000E+001, 9.0972842E-015
 1.8813869E+000, 2.0068190E+001, 3.0000000E+001, 6.1382333E-014
 1.8900126E+000, 2.0068078E+001, 3.0000000E+001, 5.5161357E-013
 1.8986384E+000, 2.0068060E+001, 3.0000000E+001, 4.5004450E-012
 1.9072641E+000, 2.0068606E+001, 3.0000000E+001, 3.8864527E-011
 1.9158899E+000, 2.0069831E+001, 3.0000000E+001, 3.9653615E-010
 1.9245156E+000, 2.0072077E+001, 3.0000000E+001, 2.2810089E-009
 1.9331413E+000, 2.0089347E+001, 3.0000000E+001, 2.8063242E-008
 1.9417671E+000, 2.0174346E+001, 3.0000000E+001, 1.5360090E-007
 1.9503928E+000, 2.0721906E+001, 3.0000000E+001, 1.0655272E-006
 1.9590186E+000, 2.4865141E+001, 1.6807622E+001, 7.1673773E-006
 1.9676443E+000, 3.3684867E+001, 6.2059295E+000, 1.9986009E-005
 1.9762701E+000, 4.9783566E+001, 3.0142639E+000, 4.3307203E-005
 1.9848958E+000, 7.1510293E+001, 1.8797520E+000, 7.4117185E-005
 1.9935215E+000, 9.5969089E+001, 1.3688449E+000, 1.0900351E-004
 2.0021473E+000, 1.2028929E+002, 1.1102916E+000, 1.4324151E-004
 2.0107730E+000, 1.3914513E+002, 9.8284689E-001, 1.6957060E-004
 2.0193988E+000, 1.5187729E+002, 9.1710671E-001, 1.8733769E-004
 2.0280245E+000, 1.6030469E+002, 8.8095904E-001, 1.9889149E-004
 2.0366502E+000, 1.6466689E+002, 8.6433544E-001, 2.0475683E-004
 2.0452760E+000, 1.6685334E+002, 8.5605733E-001, 2.0776928E-004
 2.0530039E+000, 1.6763064E+002, 8.5479302E-001, 2.0844417E-004
 2.0607318E+000, 1.6741729E+002, 8.5636128E-001, 2.0796174E-004
 2.0684598E+000, 1.6697368E+002, 8.5860446E-001, 2.0720957E-004
 2.0761877E+000, 1.6668925E+002, 8.6177379E-001, 2.0631410E-004
 2.0839156E+000, 1.6631813E+002, 8.6568226E-001, 2.0520932E-004
 2.0916435E+000, 1.6648920E+002, 8.6808005E-001, 2.0472216E-004
 2.0993714E+000, 1.6848528E+002, 8.6274033E-001, 2.0692448E-004
 2.1070994E+000, 1.7104880E+002, 8.5167969E-001, 2.1082849E-004
 2.1156001E+000, 1.7309935E+002, 8.4142692E-001, 2.1438254E-004
 2.1241008E+000, 1.7386718E+002, 8.3718586E-001, 2.1583931E-004
 2.1326015E+000, 1.7310978E+002, 8.3842521E-001, 2.1515509E-004
 2.1419523E+000, 1.6946392E+002, 8.5137738E-001, 2.1015086E-004
 2.1513031E+000, 1.6488549E+002, 8.7037622E-001, 2.0343726E-004
 2.1606538E+000, 1.6311877E+002, 8.7725322E-001, 2.0102838E-004
 2.1700046E+000, 1.6318485E+002, 8.7733471E-001, 2.0104015E-004
 2.1793554E+000, 1.7192477E+002, 8.3895326E-001, 2.1444870E-004
 2.1887062E+000, 1.8551764E+002, 7.8301911E-001, 2.3678487E-004
 2.1980570E+000, 1.9998882E+002, 7.3534634E-001, 2.6009072E-004
 2.2074078E+000, 2.0681627E+002, 7.1244244E-001, 2.7232603E-004
 2.2167586E+000, 2.1239493E+002, 6.9844886E-001, 2.8101081E-004
 2.2261093E+000, 2.1263432E+002, 6.9548374E-001, 2.8234801E-004
 2.2354601E+000, 2.0628373E+002, 7.1169885E-001, 2.7230809E-004
 2.2448109E+000, 1.8929134E+002, 7.6670418E-001, 2.4381310E-004
 2.2541617E+000, 1.6429224E+002, 8.6447745E-001, 2.0454801E-004
 2.2635125E+000, 1.4976790E+002, 9.3022754E-001, 1.8377866E-004
 2.2728633E+000, 1.4120227E+002, 9.8141606E-001, 1.7066512E-004
 2.2822140E+000, 1.3611707E+002, 1.0169340E+000, 1.6268302E-004
 2.2915648E+000, 1.3032414E+002, 1.0523611E+000, 1.5498124E-004
 2.3009156E+000, 1.2642696E+002, 1.0789582E+000, 1.4970077E-004
 2.3102664E+000, 1.2311371E+002, 1.1047706E+000, 1.4499079E-004
 2.3196172E+000, 1.2734621E+002, 1.0746546E+000, 1.5064604E-004
 2.3289680E+000, 1.3361273E+002, 1.0313685E+000, 1.5942466E-004
 2.3383187E+000, 1.3762271E+002, 1.0055783E+000, 1.6512540E-004
 2.3476695E+000, 1.3957844E+002, 9.9326818E-001, 1.6796782E-004
 2.3570203E+000, 1.4124266E+002, 9.8413168E-001, 1.7021078E-004
 2.3663711E+000, 1.4258704E+002, 9.7595471E-001, 1.7219371E-004
 2.3757219E+000, 1.4280316E+002, 9.7234165E-001, 1.7292340E-004
 2.3850727E+000, 1.4308640E+002, 9.7123923E-001, 1.7323756E-004
 2.3944234E+000, 1.4387278E+002, 9.6774004E-001, 1.7419243E-004
 2.4037742E+000, 1.4453239E+002, 9.6429592E-001, 1.7509109E-004
 2.4131250E+000, 1.4356798E+002, 9.6980164E-001, 1.7369509E-004
 2.4224758E+000, 1.4077154E+002, 9.8472461E-001, 1.6991489E-004
 2.4318266E+000, 1.3941527E+002, 9.9159608E-001, 1.6818454E-004
 2.4411774E+000, 1.3933543E+002, 9.9108315E-001, 1.6823902E-004
 2.4505282E+000, 1.4119358E+002, 9.7967109E-001, 1.7096552E-004
 2.4598789E+000, 1.4432793E+002, 9.6249525E-001, 1.7533279E-004
 2.4692297E+000, 1.4766638E+002, 9.4530925E-001, 1.7994797E-004
 2.4785805E+000, 1.5206765E+002, 9.2304286E-001, 1.8621627E-004
 2.4879313E+000, 1.5444989E+002, 9.1182204E-001, 1.8956393E-004
 2.4972821E+000, 1.5781050E+002, 8.9567816E-001, 1.9449735E-004
 2.5066329E+000, 1.5965927E+002, 8.8682593E-001, 1.9728151E-004
 2.5159836E+000, 1.5990713E+002, 8.8503871E-001, 1.9779310E-004
 2.5253344E+000, 1.5937535E+002, 8.8667879E-001, 1.9718481E-004
 2.5346852E+000, 1.5798783E+002, 8.9064620E-001, 1.9567670E-004
 2.5440360E+000, 1.5608544E+002, 8.9730194E-001, 1.9336826E-004
 2.5533868E+000, 1.5393639E+002, 9.0629626E-001, 1.9049069E-004
 2.5627376E+000, 1.5069400E+002, 9.2099991E-001, 1.8602644E-004
 2.5720883E+000, 1.4594790E+002, 9.4401910E-001, 1.7945804E-004
 2.5814391E+000, 1.4115754E+002, 9.7024495E-001, 1.7261147E-004
 2.5907899E+000, 1.3689787E+002, 9.9377634E-001, 1.6679158E-004
 2.6001407E+000, 1.3311056E+002, 1.0148220E+000, 1.6182403E-004
 2.6094915E+000, 1.3032630E+002, 1.0313311E+000, 1.5814234E-004
 2.6188423E+000, 1.2852344E+002, 1.0415750E+000, 1.5588731E-004
 2.6281931E+000, 1.2749547E+002, 1.0462871E+000, 1.5478811E-004
 2.6375438E+000, 1.2692454E+002, 1.0468847E+000, 1.5447930E-004
 2.6468946E+000, 1.2635451E+002, 1.0473369E+000, 1.5419258E-004
 2.6562454E+000, 1.2532486E+002, 1.0526393E+000, 1.5302047E-004
 2.6655962E+000, 1.2414814E+002, 1.0602281E+000, 1.5147656E-004
 2.6749470E+000, 1.2159183E+002, 1.0773092E+000, 1.4811566E-004
 2.6832617E+000, 1.1754943E+002, 1.1086186E+000, 1.4245865E-004
 2.6915764E+000, 1.1179969E+002, 1.1601909E+000, 1.3412284E-004
 2.6998912E+000, 1.0578028E+002, 1.2243616E+000, 1.2510591E-004
 2.7082059E+000, 9.9682363E+001, 1.2978763E+000, 1.1612040E-004
 2.7165206E+000, 9.3510241E+001, 1.3837457E+000, 1.0711142E-004
 2.7248353E+000, 8.7632987E+001, 1.4805958E+000, 9.8500345E-005
 2.7331501E+000, 8.2344615E+001, 1.5837138E+000, 9.0737026E-005
 2.7414648E+000, 7.7556950E+001, 1.6938849E+000, 8.3692917E-005
 2.7497795E+000, 7.3204558E+001, 1.8110219E+000, 7.7308176E-005
 2.7580942E+000, 6.9303099E+001, 1.9333381E+000, 7.1601398E-005
 2.7672404E+000, 6.5459852E+001, 2.0744180E+000, 6.5982921E-005
 2.7763866E+000, 6.2026894E+001, 2.2224253E+000, 6.0964233E-005
 2.7855328E+000, 5.9009030E+001, 2.3744069E+000, 5.6548244E-005
 2.7946790E+000, 5.6288501E+001, 2.5334755E+000, 5.2563692E-005
 2.8038252E+000, 5.3786329E+001, 2.7013073E+000, 4.8923487E-005
 2.8129714E+000, 5.1589720E+001, 2.8695548E+000, 4.5745576E-005
 2.8221176E+000, 4.9796188E+001, 3.0251852E+000, 4.3152544E-005
 2.8312638E+000, 4.8376005E+001, 3.1624978E+000, 4.1097375E-005
 2.8404100E+000, 4.7261105E+001, 3.2803823E+000, 3.9483106E-005
 2.8495562E+000, 4.6389371E+001, 3.3793295E+000, 3.8222761E-005
 2.8587024E+000, 4.5711778E+001, 3.4607062E+000, 3.7244826E-005
 2.8678486E+000, 4.5205594E+001, 3.5241278E+000, 3.6516492E-005
 2.8769948E+000, 4.4835742E+001, 3.5719880E+000, 3.5985362E-005
 2.8861410E+000, 4.4579571E+001, 3.6058788E+000, 3.5618426E-005
 2.8952872E+000, 4.4430552E+001, 3.6256527E+000, 3.5407552E-005
 2.9044334E+000, 4.4382588E+001, 3.6316098E+000, 3.5344134E-005
 2.9126496E+000, 4.4419219E+001, 3.6260196E+000, 3.5402707E-005
 2.9208657E+000, 4.4527453E+001, 3.6107408E+000, 3.5564630E-005
 2.9290818E+000, 4.4704423E+001, 3.5863925E+000, 3.5826028E-005
 2.9372979E+000, 4.4945038E+001, 3.5539863E+000, 3.6180066E-005
 2.9455140E+000, 4.5234180E+001, 3.5156437E+000, 3.6607902E-005
 2.9537301E+000, 4.5557726E+001, 3.4735572E+000, 3.7089105E-005
 2.9619462E+000, 4.5912192E+001, 3.4286829E+000, 3.7616314E-005
 2.9709840E+000, 4.6332636E+001, 3.3769963E+000, 3.8242378E-005
 2.9800217E+000, 4.6781067E+001, 3.3236798E+000, 3.8910379E-005
 2.9890594E+000, 4.7244198E+001, 3.2700720E+000, 3.9605504E-005
 2.9980971E+000, 4.7686496E+001, 3.2199353E+000, 4.0277715E-005
 3.0071349E+000, 4.8086585E+001, 3.1754008E+000, 4.0893536E-005
 3.0161726E+000, 4.8434441E+001, 3.1372352E+000, 4.1435842E-005
 3.0252103E+000, 4.8745199E+001, 3.1035588E+000, 4.1925933E-005
 3.0342480E+000, 4.9070392E+001, 3.0691946E+000, 4.2438186E-005
 3.0422095E+000, 4.9418849E+001, 3.0339226E+000, 4.2977993E-005
 3.0501710E+000, 4.9853054E+001, 2.9919369E+000, 4.3639765E-005
 3.0581325E+000, 5.0375451E+001, 2.9436434E+000, 4.4427458E-005
 3.0660940E+000, 5.0973802E+001, 2.8913225E+000, 4.5315065E-005
 3.0740555E+000, 5.1616953E+001, 2.8379323E+000, 4.6259188E-005
 3.0820170E+000, 5.2279621E+001, 2.7852028E+000, 4.7231145E-005
 3.0899785E+000, 5.2955239E+001, 2.7335150E+000, 4.8224145E-005
 3.0979400E+000, 5.3665505E+001, 2.6809922E+000, 4.9275985E-005
 3.1059015E+000, 5.4430708E+001, 2.6265633E+000, 5.0414871E-005
 3.1138630E+000, 5.5253759E+001, 2.5710938E+000, 5.1631936E-005
 3.1218245E+000, 5.6141497E+001, 2.5143617E+000, 5.2939640E-005
 3.1297860E+000, 5.7072010E+001, 2.4584449E+000, 5.4296739E-005
 3.1377475E+000, 5.8030336E+001, 2.4041620E+000, 5.5683821E-005
 3.1457090E+000, 5.9010704E+001, 2.3511553E+000, 5.7107763E-005
 3.1536705E+000, 5.9990876E+001, 2.3005381E+000, 5.8536493E-005
 3.1616320E+000, 6.0949404E+001, 2.2533638E+000, 5.9933909E-005
 3.1695935E+000, 6.1862969E+001, 2.2104124E+000, 6.1265577E-005
 3.1775550E+000, 6.2703892E+001, 2.1724812E+000, 6.2491733E-005
 3.1855165E+000, 6.3449687E+001, 2.1400435E+000, 6.3579825E-005
 3.1942742E+000, 6.4145085E+001, 2.1108008E+000, 6.4593822E-005
 3.2030318E+000, 6.4700773E+001, 2.0881395E+000, 6.5402390E-005
 3.2117894E+000, 6.5120232E+001, 2.0713716E+000, 6.6013686E-005
 3.2205471E+000, 6.5419564E+001, 2.0594833E+000, 6.6453500E-005
 3.2293047E+000, 6.5621458E+001, 2.0514227E+000, 6.6754396E-005
 3.2380624E+000, 6.5756423E+001, 2.0459514E+000, 6.6959578E-005
 3.2468200E+000, 6.5841734E+001, 2.0423916E+000, 6.7093169E-005
 3.2555777E+000, 6.5878682E+001, 2.0406490E+000, 6.7157783E-005
 3.2633958E+000, 6.5875916E+001, 2.0404085E+000, 6.7165150E-005
 3.2712140E+000, 6.5845798E+001, 2.0411253E+000, 6.7135597E-005
 3.2790321E+000, 6.5788776E+001, 2.0428858E+000, 6.7066460E-005
 3.2868503E+000, 6.5703898E+001, 2.0457169E+000, 6.6956875E-005
 3.2946685E+000, 6.5590062E+001, 2.0496494E+000, 6.6805959E-005
 3.3024866E+000, 6.5441291E+001, 2.0549397E+000, 6.6604706E-005
 3.3103048E+000, 6.5248106E+001, 2.0619882E+000, 6.6339161E-005
 3.3181229E+000, 6.5001008E+001, 2.0712025E+000, 6.5995806E-005
 3.3259411E+000, 6.4688359E+001, 2.0831426E+000, 6.5556863E-005
 3.3337592E+000, 6.4295039E+001, 2.0985393E+000, 6.5000120E-005
 3.3415774E+000, 6.3809296E+001, 2.1180452E+000, 6.4308805E-005
 3.3493955E+000, 6.3225730E+001, 2.1421638E+000, 6.3474633E-005
 3.3572137E+000, 6.2540642E+001, 2.1714513E+000, 6.2490983E-005
 3.3650318E+000, 6.1763666E+001, 2.2060848E+000, 6.1367564E-005
 3.3728500E+000, 6.0907909E+001, 2.2459488E+000, 6.0124311E-005
 3.3806682E+000, 5.9976094E+001, 2.2913041E+000, 5.8769790E-005
 3.3884863E+000, 5.8966967E+001, 2.3429123E+000, 5.7301138E-005
 3.3963045E+000, 5.7889660E+001, 2.4012680E+000, 5.5727249E-005
 3.4041226E+000, 5.6753199E+001, 2.4665100E+000, 5.4066949E-005
 3.4119408E+000, 5.5534716E+001, 2.5409405E+000, 5.2289348E-005
 3.4197589E+000, 5.4221798E+001, 2.6268452E+000, 5.0377313E-005
 3.4275771E+000, 5.2836328E+001, 2.7251488E+000, 4.8354554E-005
 3.4353952E+000, 5.1409000E+001, 2.8359707E+000, 4.6261544E-005
 3.4432134E+000, 4.9986855E+001, 2.9572135E+000, 4.4170471E-005
 3.4510315E+000, 4.8621132E+001, 3.0850841E+000, 4.2160745E-005
 3.4588497E+000, 4.7324725E+001, 3.2208140E+000, 4.0221323E-005
 3.4666678E+000, 4.6120157E+001, 3.3610322E+000, 3.8398465E-005
 3.4744860E+000, 4.5000524E+001, 3.5044111E+000, 3.6698289E-005
 3.4823042E+000, 4.3906247E+001, 3.6584994E+000, 3.5031726E-005
 3.4901223E+000, 4.2778176E+001, 3.8341999E+000, 3.3307483E-005
 3.4979405E+000, 4.1689394E+001, 4.0286433E+000, 3.1590643E-005
 3.5057586E+000, 4.0812520E+001, 4.2150484E+000, 3.0109494E-005
 3.5135768E+000, 4.0246579E+001, 4.3621306E+000, 2.9041818E-005
 3.5213949E+000, 4.0061609E+001, 4.4453520E+000, 2.8481307E-005
 3.5292131E+000, 4.0144520E+001, 4.4482062E+000, 2.8470566E-005
 3.5370312E+000, 4.0263248E+001, 4.4181174E+000, 2.8675322E-005
 3.5448494E+000, 4.0365933E+001, 4.3950594E+000, 2.8835208E-005
 3.5526675E+000, 4.0638392E+001, 4.3695777E+000, 2.9028569E-005
 3.5604857E+000, 4.1307625E+001, 4.2855533E+000, 2.9660840E-005
 3.5683039E+000, 4.2224468E+001, 4.1467522E+000, 3.0743030E-005
 3.5761220E+000, 4.3229719E+001, 3.9920197E+000, 3.2036434E-005
 3.5839402E+000, 4.4492589E+001, 3.8188807E+000, 3.3622565E-005
 3.5917583E+000, 4.6214505E+001, 3.6108492E+000, 3.5752426E-005
 3.5995765E+000, 4.8437868E+001, 3.3766456E+000, 3.8498374E-005
 3.6081764E+000, 5.1384409E+001, 3.1083203E+000, 4.2204932E-005
 3.6167764E+000, 5.4669639E+001, 2.8502524E+000, 4.6492174E-005
 3.6253764E+000, 5.7779171E+001, 2.6382348E+000, 5.0704888E-005
 3.6339763E+000, 6.0342249E+001, 2.4907424E+000, 5.4123408E-005
 3.6425763E+000, 6.2480997E+001, 2.3837073E+000, 5.6916390E-005
 3.6511763E+000, 6.4190045E+001, 2.3065403E+000, 5.9120087E-005
 3.6597763E+000, 6.5653305E+001, 2.2455954E+000, 6.0987994E-005
 3.6683762E+000, 6.7017536E+001, 2.1932781E+000, 6.2694201E-005
 3.6778362E+000, 6.8469797E+001, 2.1374185E+000, 6.4607313E-005
 3.6872962E+000, 7.2016670E+001, 2.0033986E+000, 6.9644960E-005
 3.6967561E+000, 7.8581629E+001, 1.8036196E+000, 7.8830574E-005
 3.7062161E+000, 8.9577546E+001, 1.5599571E+000, 9.3993127E-005
 3.7156761E+000, 1.0669786E+002, 1.3051601E+000, 1.1764517E-004
 3.7251360E+000, 1.2680890E+002, 1.1106938E+000, 1.4556241E-004
 3.7345960E+000, 1.4542745E+002, 9.8737720E-001, 1.7136453E-004
 3.7440560E+000, 1.5916995E+002, 9.1745582E-001, 1.9047954E-004
 3.7535159E+000, 1.6760119E+002, 8.8126624E-001, 2.0216900E-004
 3.7629759E+000, 1.7307594E+002, 8.5648212E-001, 2.1060309E-004
 3.7724359E+000, 1.6802396E+002, 8.7386167E-001, 2.0407763E-004
 3.7818958E+000, 1.5069328E+002, 9.5548262E-001, 1.7931257E-004
 3.7913558E+000, 1.2871300E+002, 1.0961315E+000, 1.4819842E-004
 3.8008158E+000, 1.0762384E+002, 1.2948177E+000, 1.1887395E-004
 3.8092755E+000, 9.4915438E+001, 1.4695319E+000, 1.0124515E-004
 3.8177353E+000, 8.6394243E+001, 1.6242609E+000, 8.9479753E-005
 3.8261951E+000, 8.0562923E+001, 1.7558968E+000, 8.1429196E-005
 3.8346549E+000, 7.5733062E+001, 1.8864166E+000, 7.4760205E-005
 3.8431147E+000, 7.2574975E+001, 1.9846304E+000, 7.0417295E-005
 3.8515744E+000, 7.1103353E+001, 2.0344713E+000, 6.8399799E-005
 3.8600342E+000, 7.0147372E+001, 2.0661880E+000, 6.7162809E-005
 3.8693400E+000, 7.1786241E+001, 2.0037971E+000, 6.9584625E-005
 3.8786457E+000, 8.2319354E+001, 1.6681634E+000, 8.6137404E-005
 3.8879515E+000, 1.1121101E+002, 1.1666697E+000, 1.3317406E-004
 3.8972572E+000, 1.6074284E+002, 8.3922486E-001, 2.0899330E-004
 3.9065630E+000, 2.1610453E+002, 6.8192030E-001, 2.9002100E-004
 3.9158687E+000, 2.4894929E+002, 6.2551633E-001, 3.3739812E-004
 3.9251745E+000, 2.6478955E+002, 6.0857962E-001, 3.5730927E-004
 3.9344803E+000, 2.6297421E+002, 6.1762022E-001, 3.5089092E-004
 3.9437860E+000, 2.4766172E+002, 6.4893875E-001, 3.2441824E-004
 3.9530918E+000, 2.2009634E+002, 7.0850789E-001, 2.8141510E-004
 3.9623975E+000, 1.9642674E+002, 7.7453430E-001, 2.4507225E-004
 3.9717033E+000, 1.7769276E+002, 8.3575916E-001, 2.1805807E-004
 3.9810090E+000, 1.6492260E+002, 8.8735220E-001, 1.9956220E-004
 3.9903148E+000, 1.5409971E+002, 9.3451982E-001, 1.8480830E-004
 3.9996206E+000, 1.4646459E+002, 9.7208829E-001, 1.7449102E-004
 4.0089263E+000, 1.3982748E+002, 1.0111299E+000, 1.6510022E-004
 4.0182321E+000, 1.3368468E+002, 1.0501230E+000, 1.5660514E-004
 4.0275378E+000, 1.2828001E+002, 1.0895460E+000, 1.4893354E-004
 4.0368436E+000, 1.2253624E+002, 1.1354142E+000, 1.4087205E-004
 4.0461493E+000, 1.1847727E+002, 1.1701923E+000, 1.3528321E-004
 4.0541163E+000, 1.1933187E+002, 1.1606641E+000, 1.3669143E-004
 4.0620833E+000, 1.2389711E+002, 1.1207691E+000, 1.4320366E-004
 4.0700502E+000, 1.2906857E+002, 1.0811153E+000, 1.5038978E-004
 4.0780172E+000, 1.3432230E+002, 1.0467355E+000, 1.5735819E-004
 4.0859842E+000, 1.3815879E+002, 1.0252718E+000, 1.6216503E-004
 4.0939511E+000, 1.4029801E+002, 1.0148624E+000, 1.6468042E-004
 4.1019181E+000, 1.4075658E+002, 1.0133519E+000, 1.6510882E-004
 4.1098851E+000, 1.4016207E+002, 1.0164637E+000, 1.6436692E-004
 4.1178521E+000, 1.3715587E+002, 1.0319201E+000, 1.6072739E-004
 4.1258190E+000, 1.3098153E+002, 1.0692498E+000, 1.5278186E-004
 4.1337860E+000, 1.1963802E+002, 1.1503389E+000, 1.3802592E-004
 4.1417530E+000, 1.0671526E+002, 1.2823529E+000, 1.1974303E-004
 4.1497199E+000, 9.4063914E+001, 1.4588530E+000, 1.0175033E-004
 4.1576869E+000, 8.5315208E+001, 1.6215637E+000, 8.9359600E-005
 4.1656539E+000, 7.9095915E+001, 1.7710259E+000, 8.0398743E-005
 4.1736208E+000, 7.5382284E+001, 1.8782650E+000, 7.5009170E-005
 4.1815878E+000, 7.3327184E+001, 1.9440187E+000, 7.2044765E-005
 4.1895548E+000, 7.2362116E+001, 1.9759782E+000, 7.0682086E-005
 4.1975217E+000, 7.2297870E+001, 1.9760052E+000, 7.0667974E-005
 4.2054887E+000, 7.2483605E+001, 1.9620030E+000, 7.1210579E-005
 4.2134557E+000, 7.2614281E+001, 1.9499831E+000, 7.1676617E-005
 4.2214226E+000, 7.2609740E+001, 1.9436491E+000, 7.1909252E-005
 4.2293896E+000, 7.2716011E+001, 1.9369955E+000, 7.2178439E-005
 4.2373566E+000, 7.3418929E+001, 1.9099497E+000, 7.3349289E-005
 4.2453236E+000, 7.5129806E+001, 1.8521079E+000, 7.6013413E-005
 4.2532905E+000, 7.9205910E+001, 1.7344813E+000, 8.2118337E-005
 4.2612575E+000, 8.7765191E+001, 1.5343411E+000, 9.5084877E-005
 4.2692245E+000, 1.0688429E+002, 1.2386992E+000, 1.2401812E-004
 4.2771914E+000, 1.3851436E+002, 9.7355260E-001, 1.7092755E-004
 4.2851584E+000, 1.8042992E+002, 7.8782788E-001, 2.3272910E-004
 4.2931254E+000, 2.1206361E+002, 7.0286117E-001, 2.7905618E-004
 4.3010923E+000, 2.2433131E+002, 6.7910518E-001, 2.9612014E-004
 4.3090593E+000, 2.2764448E+002, 6.7856201E-001, 2.9833088E-004
 4.3170263E+000, 2.2600443E+002, 6.9440167E-001, 2.9057108E-004
 4.3249932E+000, 2.1890756E+002, 7.1808723E-001, 2.7699180E-004
 4.3329602E+000, 2.1369232E+002, 7.3211641E-001, 2.6880442E-004
 4.3409272E+000, 2.0788355E+002, 7.5043312E-001, 2.5911442E-004
 4.3496908E+000, 2.0096974E+002, 7.6984903E-001, 2.4894917E-004
 4.3584545E+000, 1.9440126E+002, 7.8755971E-001, 2.3997940E-004
 4.3672182E+000, 1.9601743E+002, 7.8107733E-001, 2.4280746E-004
 4.3759818E+000, 2.0471221E+002, 7.4098968E-001, 2.6068662E-004
 4.3847455E+000, 2.1560553E+002, 7.0466467E-001, 2.8037378E-004
 4.3935092E+000, 2.2088071E+002, 6.9039870E-001, 2.8925588E-004
 4.4022728E+000, 2.2403183E+002, 6.7813139E-001, 2.9636685E-004
 4.4110365E+000, 2.2164545E+002, 6.8052745E-001, 2.9390587E-004
 4.4206765E+000, 2.1442441E+002, 6.9433132E-001, 2.8385880E-004
 4.4303166E+000, 2.0545129E+002, 7.1380786E-001, 2.7103211E-004
 4.4399566E+000, 1.8654156E+002, 7.6991976E-001, 2.4135109E-004
 4.4495966E+000, 1.7110830E+002, 8.3050185E-001, 2.1623359E-004
 4.4592367E+000, 1.6282972E+002, 8.6905516E-001, 2.0279029E-004
 4.4688767E+000, 1.5911460E+002, 8.9136757E-001, 1.9602933E-004
 4.4785167E+000, 1.5614255E+002, 9.0908130E-001, 1.9088809E-004
 4.4881568E+000, 1.5321598E+002, 9.2287886E-001, 1.8675234E-004
 4.4977968E+000, 1.5110269E+002, 9.3316784E-001, 1.8377780E-004
 4.5074368E+000, 1.4559692E+002, 9.6467744E-001, 1.7546791E-004
 4.5170769E+000, 1.4014506E+002, 9.9866728E-001, 1.6728909E-004
 4.5267169E+000, 1.3464332E+002, 1.0348718E+000, 1.5928753E-004
 4.5363569E+000, 1.3165206E+002, 1.0558418E+000, 1.5497872E-004
 4.5459970E+000, 1.3096492E+002, 1.0619728E+000, 1.5382244E-004
 4.5556370E+000, 1.2998715E+002, 1.0722617E+000, 1.5197783E-004
 4.5652770E+000, 1.2629828E+002, 1.1006677E+000, 1.4670082E-004
 4.5749171E+000, 1.2306895E+002, 1.1270032E+000, 1.4211447E-004
 4.5845571E+000, 1.1664730E+002, 1.1884190E+000, 1.3258593E-004
 4.5941971E+000, 1.0931145E+002, 1.2684452E+000, 1.2188329E-004
 4.6038372E+000, 9.9493037E+001, 1.3919333E+000, 1.0821882E-004
 4.6134772E+000, 9.2590608E+001, 1.4990634E+000, 9.8623721E-005
 4.6231172E+000, 8.8154389E+001, 1.5769410E+000, 9.2615998E-005
 4.6327573E+000, 8.5682310E+001, 1.6251288E+000, 8.9254878E-005
 4.6423973E+000, 8.4688355E+001, 1.6464062E+000, 8.7857352E-005
 4.6520373E+000, 8.4130379E+001, 1.6590787E+000, 8.7050323E-005
 4.6616773E+000, 8.3860269E+001, 1.6677430E+000, 8.6532607E-005
 4.6713174E+000, 8.3718712E+001, 1.6741251E+000, 8.6168548E-005
 4.6809574E+000, 8.4107893E+001, 1.6677621E+000, 8.6591637E-005
 4.6905974E+000, 8.4990387E+001, 1.6485990E+000, 8.7814549E-005
 4.7002375E+000, 8.6101792E+001, 1.6238934E+000, 8.9427204E-005
 4.7098775E+000, 8.7750975E+001, 1.5906888E+000, 9.1713032E-005
 4.7195175E+000, 8.9904141E+001, 1.5497139E+000, 9.4699585E-005
 4.7291576E+000, 9.2716134E+001, 1.4995318E+000, 9.8626757E-005
 4.7387976E+000, 9.4804989E+001, 1.4652630E+000, 1.0150965E-004
 4.7484376E+000, 9.5994091E+001, 1.4469464E+000, 1.0312683E-004
 4.7580777E+000, 9.6536703E+001, 1.4384067E+000, 1.0389158E-004
 4.7677177E+000, 9.6798822E+001, 1.4339101E+000, 1.0429127E-004
 4.7773577E+000, 9.6859088E+001, 1.4300712E+000, 1.0458826E-004
 4.7869978E+000, 9.6408920E+001, 1.4324879E+000, 1.0428478E-004
 4.7966378E+000, 9.6697473E+001, 1.4256912E+000, 1.0486376E-004
 4.8062778E+000, 9.8811672E+001, 1.3938238E+000, 1.0787443E-004
 4.8159179E+000, 1.0425855E+002, 1.3204424E+000, 1.1553684E-004
 4.8255579E+000, 1.1185739E+002, 1.2315781E+000, 1.2636748E-004
 4.8351979E+000, 1.2077031E+002, 1.1446139E+000, 1.3911616E-004
 4.8438531E+000, 1.2883464E+002, 1.0792110E+000, 1.5056752E-004
 4.8525082E+000, 1.3539342E+002, 1.0335132E+000, 1.5979029E-004
 4.8611633E+000, 1.4035514E+002, 1.0027320E+000, 1.6669565E-004
 4.8698184E+000, 1.4364289E+002, 9.8448600E-001, 1.7113505E-004
 4.8784735E+000, 1.4555696E+002, 9.7398664E-001, 1.7377424E-004
 4.8871286E+000, 1.4676490E+002, 9.6808869E-001, 1.7533731E-004
 4.8957838E+000, 1.4735455E+002, 9.6629771E-001, 1.7590896E-004
 4.9044389E+000, 1.4726468E+002, 9.6842907E-001, 1.7548430E-004
 4.9130940E+000, 1.4657138E+002, 9.7396878E-001, 1.7419844E-004
 4.9217491E+000, 1.4521640E+002, 9.8319513E-001, 1.7200667E-004
 4.9304042E+000, 1.4304936E+002, 9.9752797E-001, 1.6865707E-004
 4.9390594E+000, 1.3967100E+002, 1.0204674E+000, 1.6352752E-004
 4.9477145E+000, 1.3424123E+002, 1.0578986E+000, 1.5566675E-004
 4.9563696E+000, 1.2774245E+002, 1.1052016E+000, 1.4662722E-004
 4.9650247E+000, 1.2096786E+002, 1.1601514E+000, 1.3732185E-004
 4.9736798E+000, 1.1441858E+002, 1.2184416E+000, 1.2857959E-004
 4.9823350E+000, 1.0894346E+002, 1.2730402E+000, 1.2132651E-004
 4.9909901E+000, 1.0463647E+002, 1.3199020E+000, 1.1569988E-004
 4.9985789E+000, 1.0184010E+002, 1.3525393E+000, 1.1207226E-004
 5.0000000E+000, 1.0141416E+002, 1.3576883E+000, 1.1152041E-004
